id,filename
144a,144a_L-B_MdP_final.png
555a,555a_Gonn_AP_Monrepos_final.png
5b,5b_Chaleux_RBINS_final.png
307b,307b_Gonn_AP_Monrepos_final.png
241a,241a_Badegoule_MdP_Pr.A.1707_final.png
70a,70a_Gonn_AP_Monrepos_final.png
484a,484a_Gonn_AP_Monrepos_final.png
226a,226a_Aguas_Sant_Final.png
167b,167b_GG_MB_2021_MdAM_final.png
186b,186b_GG_MB_2021_MdAM_final.png
214b,214b Rodete Llonin_final.png
360a,360a_Gonn_AP_Monrepos_final.png
67b,67b_Esp-Arudy_GG_MB_2021_MAN_Piette_final.png
144b,144b_L-B_MdP_final.png
5a,5a_Chaleux_RBINS_final.png
202a,202a_final.png
420b,420b_Gonn_AP_Monrepos_final.png
73b,73b_Gonn_AP_Monrepos_final.png
355a,355a_Gonn_AP_Monrepos_final.png
418a,418a_Gonn_AP_Monrepos_final.png
431a,431a_Gonn_AP_Monrepos_final.png
186a,186a_GG_MB_2021_MdAM_final.png
70b,70b_Gonn_AP_Monrepos_final.png
151b,151b_PC_DSC00570_final.png
84a,84a_Gonn_AP_Monrepos_final.png
307a,307a_Gonn_AP_Monrepos_final.png
167a,167a_GG_MB_2021_MdAM_final.png
353a,353a_Gonn_AP_Monrepos_final.png
93b,93b_Gourdan_GG_MB_2021_MAN_Piette_final.png
626a,626a_Gonn_AP_Monrepos_final.png
202b,202b_final.png
93a,93a_Gourdan_GG_MB_2021_MAN_Piette_final.png
552a,552a_Gonn_AP_Monrepos_final.png
420a,420a_Gonn_AP_Monrepos_final.png
631a,631a_Gonn_AP_Monrepos_final.png
226b,226b_Aguas_Santander_final.png
73a,73a_Gonn_AP_Monrepos_final.png
214a,214a Rodete Llonin. Â© Javier Fortea_Oviedo_final.png
241b,241b_Badegoule_MdP_Pr.A.1707_1_final.png
168a,168a R MdA_final.png
